<?xml version="1.0" encoding="UTF-8"?>
<!DOCTYPE hibernate-configuration PUBLIC
    "-//Hibernate/Hibernate Configuration DTD 3.0//EN"
    "http://www.hibernate.org/dtd/hibernate-configuration-3.0.dtd">

<hibernate-configuration>
    <session-factory>
       <property name="hibernate.connection.driver_class">com.mysql.cj.jdbc.Driver</property>
        <property name="hibernate.connection.url">jdbc:mysql://localhost:3306/cms</property>
        <property name="hibernate.connection.username">root</property>
        <property name="hibernate.connection.password">123456789</property>

        <!-- JDBC connection pool settings -->
        <property name="hibernate.c3p0.min_size">5</property>
        <property name="hibernate.c3p0.max_size">20</property>

        <!-- SQL Dialect -->
        <property name="hibernate.dialect">org.hibernate.dialect.MySQL8Dialect</property>

        <!-- Enable Hibernate's automatic session context management -->
        <property name="hibernate.current_session_context_class">thread</property>

        <!-- Echo all executed SQL to stdout -->
        <property name="hibernate.show_sql">true</property>
        <property name="hibernate.format_sql">true</property>

        <!-- Update the database schema on startup -->
        <property name="hibernate.hbm2ddl.auto">update</property>

        <!-- Specify annotated entity classes -->
        <mapping class="Entity.Admin"/>
        <mapping class="Entity.User"/>
        <mapping class="Entity.Employees"/>
        <mapping class="Entity.Food"/>
        <mapping class="Entity.Order"/>
    </session-factory>
</hibernate-configuration>
